year,author
1995,A. A. S. Zuckerman
1989,A. I. Ogus
1995,A. I. Ogus
2005,A. W. Brian Simpson
2013,Abdul Karim Aldohni
1996,Adam Crawford
2003,Adam Crawford
2008,Adam Czarnota
2012,ADAM EDWARDS
2016,Adam Gearey
2004,Adam Gearey
2015,ADAM GEAREY
2007,Adrian Hunt
1992,Adrian L. James
2008,Agnes Fletcher; Nick O'Brien
2002,Aileen Kavanagh
2009,Aileen McColgan
2006,Aileen McColgan
2006,Aileen McHarg
2006,Aileen McHarg; Donald Nicolson
1997,Alain Alcouffe; Christiane Alcouffe
2012,Alain Pottage
1996,Alan A. Block
1985,Alan Booth; Roger Smith
1982,Alan C. Page
2014,Alan Dignam; Michael Galanis
1996,Alan Doig
1994,Alan Hunt
1986,Alan Hunt
2014,ALAN HUNT
1990,Alan Hunt
2004,Alan Hunt
1987,Alan Hunt
1983,Alan Hunt
1982,Alan Hunt
1988,Alan Norrie; Sammy Adelman
1995,Alan O'Day
1988,Alan Paterson; Lindsay Farmer; Frank Stephen; James Love
1987,Alan Thomson
1990,Albert Weale
2010,Aleardo Zanghellini
2012,Alex Faulkner; Bettina Lange; Christopher Lawless
2007,Alex Franklin; Robert G. Lee
2008,Alex Newbury
1990,Alexander McCall Smith
2016,Alfons Bora
1990,Alice Erh-Soon Tay
2001,Alison Diduck
2011,Alison Diduck
1995,Alison Diduck
1997,Alison Diduck; William Wilson
2012,Alison Dunn
1992,Alison Young
1999,Allan C. Hutchinson
1988,Allan Hutchinson; Melinda Jones
1985,Alpha Connelly
1983,Alun Howkins
2002,Amanda J. Perry
2008,Amanda Perry-Kessaris
2013,Amanda Perry-Kessaris
2000,Ambreena Manji
2014,AMBREENA MANJI
2001,Amitai Etzioni
1990,Andras Sajo
1995,Andras Sajo
2014,ANDRÁS SAJÓ
2003,André-Jean Arnaud; Alan Bradshaw
2009,Andrea Ross
2016,Andrea Ross; Rhys Jones
2016,Andreas Philippopoulos-Mihalopoulos
2015,ANDREAS PHILIPPOPOULOS-MIHALOPOULOS
2010,Andreas Stephan
1995,Andrew Bainham
1998,Andrew Bainham
1998,Andrew Boon
1992,Andrew Clark
1988,Andrew Clark
2003,Andrew D. Murray
2015,Andrew Francis
2009,Andrew Francis; Iain McDonald
1997,Andrew Fraser
2001,Andrew Fraser
1988,Andrew Gamble
1985,Andrew Green
2014,Andrew Johnston
2006,Andrew M. Francis; Iain W. McDonald
2007,Andrew Norris
1989,Andrew Petter
2012,Andrew S. Balmer; Ralph Sandland
1998,Andrew Sanders
2002,Andrew Sanders
1987,Andrew Sanders
2013,Andrew T.F. Lang
1993,Andrew Vincent
2011,Andromachi Georgosouli
1995,Andy Boon
2012,ANDY BOON
2005,Andy Boon; John Flood; Julian Webb
1997,Andy Cosh; Alan Hughes
1999,Anette Ballinger
2016,Angela Condello
2006,Anke J. Stock
2007,Ann Mumford
2002,Ann Mumford
2010,ANN MUMFORD
1988,Ann Stewart; Roger Burridge
2011,Anna K. Zimdars
1993,Anne Bottomley
1993,Anne Bottomley; Joanne Conaghan
1987,Anne Bottomley; Susie Gibson; Belinda Meteyard
2008,Anne Meuwese
2016,Anne Quéma
1995,Anne Worrall
2013,Anne-Mette Magnussen; Even Nilssen
1993,Annie Bunting
2009,Anthea Hucklesby
1996,Anthea Hucklesby
1989,Anthony Bradney
1998,Anthony Bradney
2008,Anthony Bradney
2001,Anthony Bradney
2016,ANTHONY BRADNEY
2015,ANTHONY BRADNEY
1986,Anthony Carty
1990,Anthony Carty; Jane Mair
2005,Anthony Lester; Lydia Clapinska
2012,ANTONIA LAYARD
2010,Antonia Layard
1998,Antony W. Dnes
1999,Arthur J. Jacobson
2012,Aurélie Mahalatchimy; Emmanuelle Rial-Sebbag; Virginie Tournay; Alex Faulkner
1992,Avrom Sherr
1989,Avrom Sherr; Julian Webb
2010,Baptiste Coulmont; Phil Hubbard
2010,Barbara G. Brents; Teela Sanders
1998,Barbara Hudson
2010,Barbara Sullivan
2008,Barry Luckock
2002,Barry Vaughan
1998,Barry Wright
2008,Belinda Bennett
1991,Belinda Bennett
2010,Belinda Brooks-Gordon
1985,Belinda Meteyard
2013,Ben Pontin
2007,Benjamin Morgan
1996,Bernard Ryan
1999,Bert Swart
2002,Bettina Lange
1986,Beverley Brown
1989,Beverley Brown
2010,BILL BOWRING
2009,Bill Bowring
2002,Bill Bowring
1999,Bill Felstiner
1986,Bill Rolston
1982,Birthe Jorgensen
1995,Bo Carlsson
1987,Boaventura de Sousa Santos
1983,Bob Ferguson
2006,Bob Simpson
1999,Bogumiła Puchalska
2009,Brenna Bhandar
2015,Brenna Bhandar
1982,Brian Bercusson
1988,Brian Bercusson
2015,BRIAN CHRISTOPHER JONES
1984,Brian Hipkin
1993,Brian Z. Tamanaha
2000,Brian Z. Tamanaha
1993,Bridget M. Hutter
2015,Bronwen Morgan; Declan Kuch
2011,Bryan Thomas
1982,Bryant Garth
1983,C. N. M. Pounder
1999,Carl F. Stychin
2000,Carl F. Stychin
1996,Carl F. Stychin
2001,Carol A. G. Jones
2003,Carol A. Heimer
2013,CAROL A.G. JONES
2000,Carol Harlow
1998,Carol Harlow
1999,Carol Harlow
1990,Carol Smart
1989,Carol Smart
1991,Carol Smart
1997,Carole Smith
2004,Carole Smith
2010,Caroline Hunter; Judy Nixon; Sadie Parr
2008,Caroline Hunter; Judy Nixon; Sarah Blandy
2012,Carolyn Abbot
2015,Catharine MacMillan
2014,CATHERINE RHODES
1985,Cathie Lloyd
2012,Catriona Rooke; Emilie Cloatre; Robert Dingwall
1998,Celia Wells
1988,Celia Wells
1988,Celia Wells
1985,Celia Wells
1991,Celia Wells; Derek Morgan
1997,Charles Craypo
2014,Charlotte Villiers
2001,Chris Finn
2009,Chris Hilson
2010,CHRIS THORNHILL
2010,CHRIS THORNHILL
2001,Chris Tollefson
1998,Chrisje Brants
2005,Christine Bell; Johanna Keenan
1999,Christine Parker
1998,Christine Parker; Andrew Goldsmith
2010,Christine Parker; Tahlia Gordon; Steve Mark
1996,Christine Piper
1996,Christopher Hood; Colin Scott
1995,Christopher Miller
1988,Christopher Norris
1992,Christopher Whelan; Doreen McBarnet
2014,CHRISTOS BOUKALAS
1991,Claire Corbett
2014,Clare McGlynn; Ian Ward
2009,Clare McGlynn; Ian Ward
2012,Clare McGlynn; Nicole Westmarland; Nikki Godden
2011,CLAUDIO M. RADAELLI
2008,Clem Henricson
2000,Clifford Shearing
2003,Clifford Shearing; Jennifer Wood
1987,Clive Ponting
2000,Clive Ponting
1991,Clive Unsworth
1982,Clive Unsworth
1986,Colin Campbell
2000,Colin Harvey
2000,Colin Harvey; John Morison; Jo Shaw
1997,Colin Mayer
1996,Colin Scott
2004,Colin Scott
2002,Colin Scott
2000,Colin Scott
2011,Colin Scott; Fabrizio Cafaggi; Linda Senden
2003,Colm Campbell; Ita Connolly
2005,Conor Gearty
1992,Conor Gearty
2002,Costas Douzinas
2007,Costas Douzinas
1987,Costas Douzinas; Ronnie Warrington
2008,Craig Lind; Heather Keating
1997,Cyrus Tata
2007,Cyrus Tata
1995,D. J. Galligan
2000,Damian Chalmers
2013,Dan Priel
2001,Daniel H. Cole
2005,Daniel Monk
2016,Daniel Monk
2005,Daniel Muzio; Stephen Ackroyd
2015,DANIEL NEWMAN
2009,Daniel Wincott
2011,Daniel Wincott
2002,Daphne Barak-Erez
2012,Dave Cowan; Caroline Hunter; Hal Pawson
2003,Dave Cowan; Delia Lomax
2008,Dave Cowan; Helen Carr
1999,Dave Cowan; Rose Gilroy; Christina Pantazis
2006,Dave Cowan; Sarah Blandy; Emma Hitchings; Caroline Hunter; Judy Nixon
2003,Dave Whyte
2001,Dave Whyte
2007,David Bates
2012,David Bholat; Alison Dunn; Joanna Gray
1990,David Bradley
1999,David Bradley
1989,David Burnet; Richard Thomas
1997,David Campbell
1990,David Campbell
1986,David Campbell
1986,David Campbell
1999,David Campbell
1992,David Campbell
1997,David Campbell
1994,David Campbell
1993,David Campbell; Donald Harris
2003,David Capper
1995,David Cowan
1997,David Cowan
1984,David Dixon
1983,David Dixon
1990,David Dixon; Clive Coleman; Keith Bottomley
2016,David Erdos
1992,David Feldman
2007,David Feldman
1995,David Feldman
2009,David Fraser
2011,DAVID FRASER
2008,David Fraser
1991,David Freestone
2016,David Gurnham
2016,David Gurnham
1989,David Jabbari
2006,David Kershaw
2011,David McCallum
1996,David McLellan
1984,David Miers
1982,David Nelken
1987,David Nelken
1996,David Nelken
1998,David Nelken
1996,David Nelken; Michael Levi
1982,David Podmore; Anne Spencer
1996,David S. Wall
2015,David Sugarman
2009,David Sugarman
2005,David Sugarman; H. L. A. Hart
1994,David Tait
2000,David Wood
1995,Davina Cooper
2001,Davina Cooper
1993,Davina Cooper
2000,Davina Cooper
1996,Davina Cooper
2016,Davina Cooper; Flora Renz
1993,Deborah Cheney
1996,Deborah Cheney
1988,Dee Cook
2000,Deena Haydon; Phil Scraton
2011,Deirdre Curtin; Linda Senden
1993,Denise Twomey
1985,Derek Morgan
1994,Derek Oulton
2008,Dermot Feenan
1997,Dermot Feenan
2001,Dermot Feenan
1982,Dermot P. J. Walsh
2011,Dermot P.J. Walsh
1997,Deryck Beyleveld
2016,Dia Anagnostou
2013,Diamond Ashiagbor; Prabha Kotiswaran; Amanda Perry-Kessaris
2004,Diane Longley
1996,Didi Herman
2006,Didi Herman
1997,Dirk van Zyl Smit
1984,Dominic Byrne
2011,Donal Casey; Colin Scott
2014,Donald Feaver; Benedict Sheehy
2006,Donald Nicolson
1996,Donatella Della Porta; Alessandro Pizzorno; John Donaldson
1988,Doreen McBarnet
2009,Doris Marie Provine
2001,Douglas Lewis
2004,Douglas W. Vick
1998,Douglas W. Vick; Andrew D. Murray; Gavin F. Little; Kevin Campbell
2001,Douglas W. Vick; Kevin Campbell
1983,E. McLeod
1996,Eileen Fegan
1996,Eileen Fegan
1985,Elaine Wade
2012,Elen Stokes
2006,Elena Marchetti
1997,Elizabeth Chambliss
1988,Elizabeth Kingdom
1985,Elizabeth Kingdom
2003,Ellie Lee
2012,Emilie Cloatre; Nick Wright
2014,Emilios Avgouleas; Jay Cullen
2008,Emily Finch; Vanessa E. Munro
1992,Emily Jackson
1993,Emily Jackson
2015,EMILY JACKSON
2009,Emily Reid; Jenny Steele
2012,Emmanuelle Rial-Sebbag; Anne Cambon-Thomsen
1986,Erhard Blankenburg; Ralf Rogowski
1996,Erin Striff
2014,Ernest Lim
2011,Fabrizio Cafaggi
1989,Faith Robertson Elliot
1994,Felicity Kaganas; Christina Murray
1991,Felicity Kaganas; Christina Murray
2010,Feona Attwood; Clarissa Smith
2015,Fiona Cownie
1998,Fiona Cownie
2011,Fiona de Londras
1995,Fiona Donson
2007,Fiona E. Raitt
1997,Fiona E. Raitt; M. Suzanne Zeedyk
2001,Fionnuala Ní Aolaín
2007,Fleur Johns
1993,Frances Olsen
1999,Frances Webber
2003,Francis Regan
1987,Francis Snyder
1996,Frank Pearce
2013,Fred Block
2010,FREDERICK COWELL
2007,Gary Lynch-Wood; David Williamson
2002,Gary Wickham
2006,Gary Wickham
2010,GARY WICKHAM
2000,Gary Wilson
2012,Gavin W. Anderson
1984,Genevra Richardson
1984,Geoff Mungham
1983,Geoff Mungham
1982,Geoff Mungham
1988,Geoff Whitty; Ian Menter
2002,Geoffrey Bindman
1995,Geoffrey M. Stephenson
2009,Geoffrey Samuel
2000,George Meszaros
2005,Geraint Howells
2001,Gerald J. Thain
1990,Gerald Turkel
1985,Gerry A. Danby
1984,Gerry R. Rubin
1987,Gerry R. Rubin
2013,GERRY RUBIN
2002,Gert Verschraegen
1986,Gill Stewart; Robert Lee; John Stewart
1990,Gillian Douglas
1991,Gillian Douglas
2011,Gillian Douglas; Hilary Woodward; Alun Humphrey; Lisa Mills; Gareth Morrell
1996,Gordon White
2016,Graeme Laurie; Leslie Stevens
1987,Grażyna Skapska
2013,Greg Martin; Rebecca Scott Bray
2006,Gunther Teubner
2001,Guy Osborn
2001,Gwynn Davis
1998,H. W. Arthurs
1986,Håkan Hyden
2014,Harry Annison
2002,Harry Arthurs
2014,Harry Arthurs; Annie Bunting
1996,Harry Calvert
1990,Harry Lesser; Zelda Pickup
2004,Harry McVea
2014,HAYDN DAVIES
2007,Hazel Biggs
1988,Hazel Croall
2004,Heinz Klug
2013,Helen Baillot; Sharon Cowan; Vanessa E. Munro
2009,Helen Baillot; Sharon Cowan; Vanessa E. Munro
1988,Helen Bolderson
2011,Helen Carr
2016,Helen Carr; Dave Cowan
2010,HELEN FENWICK
1996,Helen Reece
2006,Helena Wray
1991,Herbert M. Kritzer
1986,Hilary Astor
2001,Hilary K. Josephs
2007,Hilary Sommerlad
2013,HILARY SOMMERLAD
2004,Hilary Sommerlad
2001,Hilary Sommerlad
1989,Hilde van Ransbeek
2014,Hugh Beale
1987,Hugh Collins
1987,Hugh Collins
1985,Huw Beynon
1985,Hywel Francis
2015,Iain Frame
1988,Iain Ramsay
1998,Iain Ramsay
1990,Iain Stewart
1998,Ian Brownlee
1992,Ian D. Willock
2000,Ian Leigh
1996,Ian Loader
1997,Ian Loader
1992,Ian Loveland
1989,Ian Loveland
1987,Ian Loveland
1990,Ian Loveland
1993,Ian Loveland
1995,Ian Menter
1987,Ian R. MacNeil
2003,Ian Ward
1996,Ian Ward
2016,Ian Ward
2012,Ilke Turkmendag
2011,Imelda Maher
2002,Imelda Maher
2015,Irene van Oorschot; Willem Schinkel
2016,ISOLDE DE VILLIERS; KARIN VAN MARLE
1982,J. A. G. Griffith
1982,J. Mervyn Jones; J. T. Winkler
1993,J. W. Raine; M. J. Willson
2011,Jacco Bomhoff; Anne Meuwese
1996,Jaco Vos
1994,Jacqueline Hodgson
2004,Jacqueline Hodgson
2002,Jacqueline Hodgson
2014,Jacqueline Horan; Shelley Maine
2001,James Allan
2015,James Davey; Cliona Kelly
1988,James Foreman-Peck
2010,James Hand
1999,James Young
1986,Jan Pahl
1991,Jane Holder
2013,Jane Holder
1998,Jane Kelsey
1992,Jane Kelsey
1988,Jane Lewis
1986,Jane Lewis; Fenella Cannell
2010,Jane Scoular
2010,Jane Scoular; Teela Sanders
2004,Janet Read; Luke Clements
1985,Janie Percy-Smith; Paddy Hillyard
2012,Javier Lezaun
1990,Jean Stubbs
2007,Jean-Luc Nancy
2003,Jeff Giddings; Michael Robertson
2000,Jennifer Temkin
2009,Jeremy Jennings
2001,Jessica Silbey
2008,Jill Marshall
2001,Jill Stauffer
1997,Jir̆í Pr̆ibán̆
1994,Jir̆í Pr̆ibán̆
1999,Jir̆í Pr̆ibán̆
2012,Jiří Přibáň
2005,Jiří Přibáň
2012,Jo Samanta
2000,Jo Shaw
2008,Jo Shaw
1994,Jo Shaw
1987,Joanne Conaghan
2000,Joanne Conaghan
1993,Joanne Conaghan
1996,Joanne Conaghan
2000,Joanne Conaghan
1986,Joanne Conaghan
2011,JOANNE CONAGHAN
1987,Joanne Conaghan; Louise Chudleigh
1998,Joanne Conaghan; Wade Mansell
2010,Joanne P. Braithwaite
2003,Jodi Dean
1998,Joe Sim
1989,Joe Sim
1993,Joe Sim
1983,Joe Sim; Philip A. Thomas
2006,Johannes Feest
2005,John A. Harrington
2003,John A. Harrington; Ambreena Manji
2003,John Armour
1997,John Beechey
2006,John Bell
2002,John Braithwaite
1999,John Brigham
2012,JOHN COGGON
2003,John D. Jackson
1983,John D. Pratt
1994,John Eekelaar
1988,John Eekelaar
2004,John Eekelaar
1997,John Eekelaar
2004,John Eekelaar; Mavis MacLean
2011,JOHN FLOOD
2009,John Flood
1994,John Flood
1991,John Gibson
1989,John Griffith
1995,John Griffith
1993,John Griffith
1990,John Harris
1999,John Hucker
1998,John Hucker
1983,John J. Bonsignore
2001,John Jackson
1995,John Jackson
1994,John K. Galbraith
2003,John Laws
1983,John Mesher
1998,John Morison
2000,John Morison
2011,John P. Heinz
2001,John Strawson
1994,John Tweedy; Alan Hunt
2000,John W. Cioffi
1995,John W. Raine; Michael J. Willson
1997,John Wightman
1991,John Woodliffe
2005,Jonathan Doak
1989,Jonathan Montgomery
2014,Jonathan Mukwiri; Mathias Siems
1990,Jos Silvis
2014,José A. Noguera; Jordi Tena-Sánchez; Francisco J. León
2013,Jose Bellido
2014,Joseph A. McCahery; Erik P.M. Vermeulen
2004,Joseph Brooker
2014,Joseph Markus
1993,Josephine Reeves
2006,Judith Masson
1992,Judith Masson
2008,Judith Masson
2002,Julia Black
2005,Julia Black
2008,Julia Brophy
2004,Julia H. Chryssostalis
1995,Julia Sohrab
2012,JULIAN WEBB
1998,Julian Webb
2003,Julian Webb
2003,Julie Brownlie
1997,Julie MacFarlane
1992,Julie MacFarlane
2012,JULIE STEWART; ROSALIE KATSANDE
1989,June Tweedie; Tony Ward
1999,Karen Gross
2013,Kate Fitz-Gibbon
2009,Kate Malleson
2006,Kate Malleson
1994,Kate Malleson
1993,Katherine de Gama
1987,Katherine O'Donovan
1990,Katherine O'Donovan
1996,Katherine O'Donovan
1993,Katherine O'Donovan
1991,Katherine O'Donovan
2012,KATHY MACK
1991,Kay Milton
1990,Keith Soothill; Sylvia Walby; Paul Bagguley
1998,Keith Syrett
1982,Ken Foster
2011,Kenneth Veitch
2013,Kenneth Veitch
2006,Kevin Campbell; Alan Goodacre; Gavin Little
1999,Kevin Campbell; Douglas W. Vick; Andrew D. Murray; Gavin F. Little
2013,Kevin J. Brown
2003,Kevin Williams
2007,Kieran McEvoy
2000,Kieran McEvoy
2004,Kieran McEvoy; Heather Conway
2012,Kieran McEvoy; Louise Mallinder
2014,Kim Economides
1997,Kim Economides
1988,Kim Economides
1992,Kim Economides
1986,Kim Economides; Mark Blacksell; Charles Watkins
2013,KLAUS A. ZIEGERT
2015,Kleran McEvoy; Alex Schwartz
1986,Koen Raes
2002,Kola Abimbola
2005,Kristina Murphy
2014,L. J. B. HAYES
1983,Larry Gostin
2007,Laura Williamson; Marie Fox; Sheila McLean
2008,Laurence Koffman
1988,Laurence Lustgarten
2007,Lawrence O. Gostin
1999,Lee Bridges
1994,Lee Bridges
1983,Lee Bridges; Tony Bunyan
1990,Len Doyal
2001,Leon Sheleff
2003,Leora Bilsky
1999,Lesley Noaks
2015,Leslie J. Moran
2005,Lieve Gies
2015,Lilian Moncrieff
2009,Linda Hart
1997,Linda Johnson; Edward Epstein
2016,LINDA McDOWELL
2015,Linda Mulcahy
2008,Linda Mulcahy
2000,Linda Mulcahy
2015,Linda Mulcahy; David Sugarman
2001,Lindsay Stirton; Martin Lodge
2006,Lisa Glennon
2006,Lisa Johnson
1999,Lisa Waddington
2007,Lisa Webley; Liz Duff
2003,Lisa Whitehouse
2010,Lisa Whitehouse
1993,Lois Bibbings; Peter Alldridge
1996,Lois S. Bibbings
2006,Lois S. Bibbings
2008,Lori Frater; Robert Lee
2002,Lorna Fox
2010,Lorna Fox O'Mahony; James A. Sweeney
2014,Lorna Fox O'Mahony; Louise Overton
2003,Louise Anderson
2002,Louise Davies
2005,Lucia Zedner
2012,LUKE CLEMENTS
1999,Luke Clements
2005,Luke Clements
1999,Luke Clements; James Young
2005,Luke Clements; Philip A. Thomas
2015,Luke McDonagh
1991,Lynda M. Warren
2003,Lynn Mather
2006,M. A. Stein; P. J. S. Stein
1984,M. F. Roberts
1989,M. Levi; M. Suddle
2010,Maggie O'Neill
2016,Mairaj U. Syed
2015,Mara Malagodi
1985,Marc Galanter
2004,Marc Hertogh
2014,Marc T. Moore; Edward Walker-Arnott
2001,Marcelo Neves
1997,Margaret Thornton
1991,Margaret Thornton
1992,Marie Fox; John Morison
1992,Marie Fox; Therese Murphy
1985,Marilyn Strathern
2008,Marius Pieterse
1998,Mark Drakeford
1989,Mark Findlay
1991,Mark Findlay; Thomas Chiu Chor-Wing
1998,Mark Gillis
1999,Mark Hill
2011,Mark McCann; Sally Wheeler
1992,Mark Stallworthy
2009,Mark Stallworthy
1995,Martin Bowley
2006,Martin J. Sweet
2005,Martin Krygier
1982,Martin Loughlin
1988,Martin Loughlin
2008,Martin Partington
1992,Martin Partington
1988,Martin Partington
1985,Martin Walker
2014,Martina Eckardt; Wolfgang Kerber
2008,Mary E. Vogel
2010,Mary Whowell
2003,Matthias Kilian
2001,Matthias Kuzina
2004,Matthias Mahlmann
1995,Maureen Cain
1982,Maureen Cain; Susan Sadigh
2008,Maureen Spencer
2010,Maureen Spencer; John Spencer
2006,Maureen Spencer; John Spencer
2007,Mavis Maclean
2015,Mavis Maclean
2001,Mavis Maclean
1994,Mavis MacLean
1993,Max Travers
2009,Max Travers
1994,Max Travers
1987,Max Weaver
1995,Meg Stacey
2004,Melanie L. Williams
2014,Melissa Curley
1996,Menachem Hofnung
2009,Mervyn Murch
1986,Michael Adler
2006,Michael Adler
2016,Michael Adler
2010,MICHAEL ADLER
2014,Michael Adler; Jonathan Simon
2001,Michael Böhnke
1997,Michael Cavadino
1984,Michael Clarke
1995,Michael Faure
2015,Michael King
2006,Michael King
1996,Michael King
1991,Michael King
1995,Michael King
1993,Michael King
1987,Michael King; Antoine Garapon
1994,Michael King; Anton Schütz
1986,Michael Levi
1983,Michael Levi
2009,Michael Levi
2004,Michael Levi; David S. Wall
2007,Michael Lobban
1988,Michael McConville; Chester L. Mirsky
1997,Michael Robertson
1996,Michael Salter
1997,Michael Salter
1994,Michael Salter; Julia J. A. Shaw
2002,Michael Thomson
1991,Michael Winter
2009,Michel Coutu
2013,Michel Coutu
2011,Michel Coutu; Thierry Kirat
2016,Michelle Lebaron
2005,Mike Feintuck
1994,Mike Maguire; Clive Norris
1998,Mike McConville
1995,Mike McConville; Chester Mirsky
2005,Mike Redmayne
1987,Miriam David
2004,Morris B. Kaplan
1999,Murray Hunt
2010,Neil Cobb
2007,Neil Cobb
1991,Neil Duxbury
2009,Neil Gunningham
1999,Neil Gunningham
1982,Neil Gunningham
2009,Neil Gunningham; Darren Sinclair
1991,Neil Hawke
1995,Neil Hutton
2008,Neil Kibble
1983,Neil MacCormick
2009,Neil MacCormick; Neil MacCormick
1988,Neville Harris
2010,Neville Harris
1998,Ngaire Naffine
1997,Nicholas Bamforth
2016,Nick O'Brien
1992,Nick Wikeley
1997,Nick Wikeley
1989,Nick Wikeley
1991,Nick Wikeley; Richard Young
1993,Nicola Lacey
2016,Nicola Lacey
1987,Nicola Lacey
1986,Nicola Lacey
1995,Nicola Lacey; Lucia Zedner
2006,Nicole Busby
2013,NICOLE BUSBY
2010,Nicole Busby; Calum Macleod
2001,Nicole Rafter
1983,Nigel Fielding; Jane Fielding
1993,Nigel Haworth
2008,Nigel Parton
1989,Nigel Parton
1985,Nigel Simmonds
1988,Niklas Luhmann
1985,Nikolas Rose
1987,Nikolas Rose
1996,Nikos Passas
1986,Nils Christie
2009,Nimer Sultany
2010,Nina K. Cankar; Simon Deakin; Marko Simoneti
2014,Noa Vaisman
1993,Noam Chomsky
2006,Noreen Burrows; Muriel Robison
1985,Norman Lewis
1984,Norman Lewis; Paul Wiles
1992,Ole Hansen
2013,OLE W. PEDERSEN
2006,Oliver Quick
2011,Oliver Quick
2008,Opi Outhwaite; Robert Black; Angela Laycock
2002,Oren Perez
1982,P. McDonald
1983,P. W. J. Bartrip; P. T. Fenn
2004,Pablo S. Ghetti
2007,Paddy Hillyard
1994,Paddy Hillyard
2002,Paddy Hillyard
1999,Paddy Hillyard; David Gordon
1984,Paddy Hillyard; Janie Percy-Smith
2000,Paddy Hillyard; Mike Tomlinson
1997,Paddy Ireland
1995,Paddy Ireland
1996,Paddy Ireland
1987,Paddy Ireland; Ian Grigg-Spall; Dave Kelly
2015,Paloma E. Villegas
2012,Pamela Cox
1987,Pamela Symes
1993,Panu Minkkinen
2008,Pascoe Pleasence
2003,Pascoe Pleasence; Hazel Genn; Nigel J. Balmer; Alexy Buck; Aoife O'Grady
1992,Pat Carlen
1984,Pat O'Malley
1997,Patricia Gray
1998,Patricia Leighton
2008,Patricia Lundy; Mark McGovern
1989,Patrick Birkinshaw
1996,Patrick Birkinshaw
1999,Patrick Birkinshaw; Nicholas Parry
2004,Patrick Hanafin
2004,Patrick Hanafin; Adam Gearey; Joseph Brooker
1989,Patrick McAuslan
2015,Paul Almond
2008,Paul Almond
2009,Paul Almond
2004,Paul Edwards; Monder Ram; John Black
1982,Paul Gordon
1984,Paul Hirst
1988,Paul Hirst
1987,Paul Hirst; Phil Jones
2013,Paul Johnson
2007,Paul Johnson
1992,Paul O'Leary
2016,Paul Roberts
1988,Paul Robertshaw
1995,Paul Rock
1999,Paul Skidmore
1996,Paul Skidmore
1984,Pauline Todd
2011,Peer Zumbansen
1998,Penney Lewis
2000,Perri 6
1988,Pete Alcock
1984,Peter Alcock
1986,Peter Alldridge
1984,Peter Alldridge
2008,Peter Alldridge
1994,Peter Alldridge
1998,Peter Alldridge; Ann Mumford
2001,Peter Drexler
1987,Peter Fitzpatrick
1982,Peter Fitzpatrick
1995,Peter Fitzpatrick
2004,Peter Fitzpatrick
1987,Peter Fitzpatrick; Alan Hunt
2007,Peter Fitzpatrick; Richard Joyce
1987,Peter Gill
1987,Peter Goodrich
1985,Peter Goodrich
2004,Peter Goodrich
1984,Peter Goodrich
1993,Peter Goodrich
1989,Peter Goodrich
2004,Peter Goodrich
2009,Peter Goodrich
1986,Peter Hennessy
2001,Peter Robson
1995,Peter Scott
1983,Peter Squires
1989,Peter Vincent-Jones
1994,Peter Vincent-Jones
2002,Peter Vincent-Jones
1986,Peter Vincent-Jones
2011,Peter Vincent-Jones
1987,Peter Vincent-Jones
1986,Phil Fennell
1982,Phil Fennell
2005,Phil Fennell
1986,Phil Fennell
2013,PHIL FENNELL
1991,Phil Fennell
1990,Phil Fennell
2001,Phil Meyer
1999,Phil Scraton
1985,Phil Scraton
1985,Phil Scraton
1988,Phil Scraton; Joe Sim; Paula Skidmore
1986,Phil Scraton; Kathryn Chadwick
1992,Philip A. Thomas
1999,Philip Fennell
2012,PHILIP GIRARD
2000,Philip Lewis
1992,Philip Lewis
1987,Philip Lewis
2007,Philip M. Larkin
2014,Philip M. Larkin
2003,Philip Selznick
2004,Philip Selznick; Roger Cotterrell
1994,Philip W. H. Fennell
1984,Phillip Hopkins
2007,Pierre Guibentif
1998,Pierre Noreau; André-Jean Arnaud; Martha-Marie Kleinhans
1997,Piers Beirne
2010,Pinar Akman
2004,Piyel Haldar
2015,POUL F. KJAER
2010,Prabha Kotiswaran
2013,Prabha Kotiswaran
1990,Priscilla Alderson
1984,R. Dingwall; J. M. Eekelaar; T. Murray
1992,R. G. Lee
2011,Rabeea Assy
1989,Rabinder Singh
2016,Rachel E. Stern
2013,Rachel J. Cahill-O'Callaghan
1996,Ralph Sandland
2015,Rasmus H. Wandall
2005,Ratna Kapur
1984,Rebecca McDonnell; Albert Weale
1984,Renato Treves
2016,Renaud Colson; Stewart Field
2005,Reza Banakar
2000,Reza Banakar
2001,Reza Banakar
1985,Rhona Newman
1987,Rhona Newman
2013,RICHARD A. WILSON
1995,Richard Abel
2013,Richard Collier
2015,RICHARD COLLIER
1997,Richard Collier
2001,Richard Collier
2010,RICHARD COLLIER
1998,Richard Collier
1985,Richard de Friend; Gerry R. Rubin
2004,Richard Ericson
1999,Richard Johnstone
2003,Richard L. Abel
1994,Richard L. Abel
2004,Richard L. Abel
1982,Richard Lewis
1988,Richard Lewis
2012,Richard Lewis; Annette Morris
2002,Richard Lewis; Robert McNabb; Helen Robinson; Victoria Wass
1994,Richard Moon
1998,Richard Moorhead
2004,Richard Moorhead
2003,Richard Moorhead; Pascoe Pleasence
2015,Richard Moorhead; Victoria Hinchly
1997,Richard Mullender
2000,Richard Mullender
2013,RICHARD MULLENDER
2003,Richard Mullender
2016,RICHARD MULLENDER
2008,Richard Mullender
2005,Richard Mullender
2001,Richard Mullender
2004,Richard Nobles; David Schiff
1993,Richard Rawlings
2015,Richard Rawlings
1998,Richard Rawlings
2003,Richard W. Ireland
2013,Ritu Birla
2000,Robert A. Hillman
1995,Robert A. Kagan
2016,Robert Baldwin; Julia Black
1995,Robert Cooter
2006,Robert Dunbar
1985,Robert East; Helen Power; Philip A. Thomas
1985,Robert East; Philip A. Thomas
1994,Robert Fine
1999,Robert G. Lee
2005,Robert G. Lee
2013,Robert Home
2007,Robert Jupe
1988,Robert Lee; Derek Morgan
2009,Robert Lee; Elen Stokes
2009,Robert Lee; Terry Marsden
1991,Robert Miles
1989,Robert Miles
1987,Robert Spjut
1991,Robin Churchill
1991,Robin Churchill; John Gibson; Lynda M. Warren
1991,Robin Grove-White
1992,Rod Morgan
2002,Rod Morgan
2009,Roderick A. MacDonald
1986,Roger B. M. Cotterrell
2008,Roger Bowles; Michael Faure; Nuno Garoupa
1995,Roger Brownsword
2012,Roger Brownsword
1996,Roger Brownsword
1994,Roger Brownsword
1984,Roger Brownsword
2007,Roger Burridge; David Ormandy
1999,Roger Cotterrell
2004,Roger Cotterrell
1998,Roger Cotterrell
2002,Roger Cotterrell
1996,Roger Cotterrell
1987,Roger Cotterrell
1988,Roger Cotterrell
1983,Roger Cotterrell
1992,Roger Cotterrell
2013,Roger Cotterrell
2009,Roger Cotterrell
2013,Roger Cotterrell
1988,Roger Cotterrell; Brian Bercusson
1990,Roger Crisp
1990,Roger Smith
2005,Roger Smith
1996,Roger Smith
1984,Roman Tomasic
2005,Ron Levi
2010,Ronald Weitzer
1986,Rose Pearson
2015,ROSEANNE RUSSELL
2015,Rosemary Auchmuty
2003,Rosemary Hunter
2014,ROSS CRANSTON
2001,Ross Worthington
1992,Russell Campbell
2009,Russell Sandberg
2005,Ruth Costigan; Philip A. Thomas
2008,Ruth Dukes
2001,Ruth Fletcher
1985,S. C. Redhead
1990,S. C. Smith
2013,Sabine Frerichs
1990,Sally Guttmacher
2016,SALLY LLOYD-BOSTOCK
1991,Sally Lloyd-Bostock
1999,Sally Sheldon
1997,Sally Wheeler
2013,Sally Wheeler
1991,Sally Wheeler
1994,Sally Wheeler
1999,Sally Wheeler
2001,Samantha Velutti
2007,Samera Esmeir
1994,Sammy Adelman
2001,Sarah Blandy; David Robinson
2006,Scott Veitch
2005,Shami Chakrabarti
1995,Shari Seidman Diamond
1992,Sharyn L. Roach Anleu
2005,Sharyn Roach Anleu; Kathy Mack
1990,Sheila A. M. McLean
1995,Sheila Duncan
2001,Shelley Day Sclater; Christine Piper
2016,Shuangge Wen
1997,Simon Chesterman
1997,Simon Deakin; Alan Hughes
1994,Simon Deakin; Christel Lane; Frank Wilkinson
1992,Simon Deakin; Frank Wilkinson
1997,Simon Deakin; Giles Slinger
1999,Simon Deakin; Stephen Pratten
2012,SIMON GLAZE
1995,Simon Halliday
2000,Simon Halliday
2008,Simon Halliday; Nicola Burns; Neil Hutton; Fergus McNeill; Cyrus Tata
1994,Simon Jolly
2008,Simon Mackenzie
2013,Siôn Jenkins
2012,SIÔN JENKINS
2000,Sol Picciotto
2002,Sol Picciotto
1988,Sol Picciotto
1999,Sol Picciotto; Jason Haines
2008,Sonia Harris-Short
2001,Stefan Machura; Peter Robson
2001,Stefan Machura; Stefan Ulbrich; Francis M. Nevins; Nils Behling
1991,Stephen Joseph
1984,Stephen Parker
1990,Stephen Sedley
2005,Stephen Sedley
2011,STEPHEN SEDLEY
2003,Stephen Skinner
2001,Steve Greenfield
2007,Steve Redhead
1998,Steve Tombs
1984,Steve Uglow
2014,STEVEN CAMMISS
1995,Steven Greer
1988,Steven Greer
1994,Steven Greer
2007,Steven Vaughan
2011,STEVEN VAUGHAN
1990,Stewart Field
1994,Stewart Field
1989,Stewart Field
2006,Stewart Field
1994,Stewart Field; Philip A. Thomas
1995,Stewart MacAulay
1995,Stewart MacAulay
2007,Stewart Motha
2007,Stewart Motha
2008,Stijn Smismans
1988,Stuart A. Scheingold
2009,Stuart Bell; Laurence Etherington
1995,Sue Bandalli
2002,Sue Bowden; Geoffrey Tweedale
1986,Susan B. Boyd; Elizabeth A. Sheehy
1991,Susan Bright; Maurice Sunkin
1984,Susan Edwards
2007,Susan M. C. Gibbons; Jane Kaye; Andrew Smart; Catherine Heeney; Michael Parker
1985,Susan Miller
1989,Susie Gibson
2002,Suzanne Ost
2016,Sylvia de Mars; Patrick O'Callaghan
1982,T. C. Daintith
1998,T. W. Bennett
1983,Tamar Pitch
2003,Tamara Goriely
1994,Tamara Goriely
1997,Teresa Ghilarducci; James Hawley; Andrew Williams
1995,Thérèse Murphy
1987,Thomas Gibbons
1983,Thomas Mathiesen
2005,Thomas Poole
2004,Thomas Poole
1986,Tim Kaye
1987,Tim Kaye
2002,Tim Murphy
2013,TIM ROWSE
2011,TIM ROWSE
1989,Timothy H. Jones
2016,Toby Seddon
2008,Tola Amodu
2005,Tom Baker
2010,TOM CAMPBELL
1999,Tom Campbell
1990,Tom D. Campbell
1995,Tom Horlick-Jones
2014,Tom Mullen
2005,Tom Mullen; Jim Murdoch; Alan Miller; Sarah Craig
2003,Tom Zwart
2002,Tonia Novitz
1985,Tony Bunyan
1989,Tony Jefferson
2015,Tony Porter; Karsten Ronit
1982,Tony Prosser
1988,Tony Prosser
1995,Tony Prosser
2006,Tony Prosser
2006,Tony Ward
1990,Tony Ward
2012,Tony Ward
2004,Tony Ward
2007,Tshepo Madlingozi
1991,Ulrich K. Preuss
2004,Ulrike Hahn
2008,Upendra Baxi
2012,URFAN KHALIQ
2006,Urfan Khaliq
2008,Val Gillies
1992,Valerio Pocar
2008,Vanessa E. Munro
2001,Vanessa E. Munro
2000,Vaughan Lowe
1990,Vaughan Lowe
2009,Veerle Heyvaert
2014,Veronique Magnier
2008,Vibeke Lehmann Nielsen; Christine Parker
2013,Vicki Lens; Astraea Augsberger; Andrea Hughes; Tina Wu
2012,Victor Toom
1989,Vincent Porter
2004,Vincenzo Ferrari
1996,Vincenzo Ruggiero
2002,Violaine Roussel
2015,Virginia Mantouvalou
1995,Volkmar Gessner
1995,Wade Mansell
1991,Wade Mansell
1996,Wade Mansell
2004,Wade Mansell
1994,Wade Mansell; Joanne Scott
1985,Warwick Inquest Group
1992,Wendy Addison; Fiona Cownie
1987,Willem de Haan
1989,Willem de Haan; Jos Silvis; Philip A. Thomas
1991,Willem de Haan; Jos Silvis; Philip A. Thomas
2005,William A. Schabas
1991,William Howarth
1983,William J. Chambliss
1984,William Twining
2005,William Twining
1995,William Twining
1998,William Twining
2005,William Twining
1984,William Twining
2010,WILLIAM TWINING
1998,William Twining
2014,Wim Huisman; Hans Nelen
2012,Xin He
2008,Yash Ghai
2011,YASSIN M'BOGE; JOHN JACKSON
2009,Yuval Feldman; Oren Perez
